--
-- PostgreSQL database dump
--

-- Dumped from database version 12.2
-- Dumped by pg_dump version 12.2

-- Started on 2021-10-24 19:49:35

SET statement_timeout = 0;
SET lock_timeout = 0;
SET idle_in_transaction_session_timeout = 0;
SET client_encoding = 'UTF8';
SET standard_conforming_strings = on;
SELECT pg_catalog.set_config('search_path', '', false);
SET check_function_bodies = false;
SET xmloption = content;
SET client_min_messages = warning;
SET row_security = off;

SET default_tablespace = '';

SET default_table_access_method = heap;

--
-- TOC entry 202 (class 1259 OID 24592)
-- Name: groups; Type: TABLE; Schema: public; Owner: postgres
--

CREATE TABLE public.groups (
                               id integer NOT NULL,
                               number integer NOT NULL
);


ALTER TABLE public.groups OWNER TO postgres;

--
-- TOC entry 203 (class 1259 OID 24597)
-- Name: groups_id_seq; Type: SEQUENCE; Schema: public; Owner: postgres
--

ALTER TABLE public.groups ALTER COLUMN id ADD GENERATED BY DEFAULT AS IDENTITY (
    SEQUENCE NAME public.groups_id_seq
        START WITH 1
        INCREMENT BY 1
        NO MINVALUE
        NO MAXVALUE
        CACHE 1
    );


--
-- TOC entry 204 (class 1259 OID 24599)
-- Name: lecture_halls; Type: TABLE; Schema: public; Owner: postgres
--

CREATE TABLE public.lecture_halls (
                                      id integer NOT NULL,
                                      number integer NOT NULL
);


ALTER TABLE public.lecture_halls OWNER TO postgres;

--
-- TOC entry 205 (class 1259 OID 24604)
-- Name: lecture_halls_id_seq; Type: SEQUENCE; Schema: public; Owner: postgres
--

ALTER TABLE public.lecture_halls ALTER COLUMN id ADD GENERATED BY DEFAULT AS IDENTITY (
    SEQUENCE NAME public.lecture_halls_id_seq
        START WITH 1
        INCREMENT BY 1
        NO MINVALUE
        NO MAXVALUE
        CACHE 1
    );


--
-- TOC entry 210 (class 1259 OID 24628)
-- Name: lectures; Type: TABLE; Schema: public; Owner: postgres
--

CREATE TABLE public.lectures (
                                 id integer NOT NULL,
                                 date date NOT NULL,
                                 group_id integer NOT NULL,
                                 lecture_halls_id integer NOT NULL,
                                 subject_id integer NOT NULL
);


ALTER TABLE public.lectures OWNER TO postgres;

--
-- TOC entry 211 (class 1259 OID 24633)
-- Name: lectures_id_seq; Type: SEQUENCE; Schema: public; Owner: postgres
--

ALTER TABLE public.lectures ALTER COLUMN id ADD GENERATED BY DEFAULT AS IDENTITY (
    SEQUENCE NAME public.lectures_id_seq
        START WITH 1
        INCREMENT BY 1
        NO MINVALUE
        NO MAXVALUE
        CACHE 1
    );


--
-- TOC entry 208 (class 1259 OID 24613)
-- Name: students; Type: TABLE; Schema: public; Owner: postgres
--

CREATE TABLE public.students (
                                 id integer NOT NULL,
                                 name text NOT NULL,
                                 lastname text NOT NULL,
                                 group_id integer NOT NULL
);


ALTER TABLE public.students OWNER TO postgres;

--
-- TOC entry 209 (class 1259 OID 24626)
-- Name: students_id_seq; Type: SEQUENCE; Schema: public; Owner: postgres
--

ALTER TABLE public.students ALTER COLUMN id ADD GENERATED BY DEFAULT AS IDENTITY (
    SEQUENCE NAME public.students_id_seq
        START WITH 1
        INCREMENT BY 1
        NO MINVALUE
        NO MAXVALUE
        CACHE 1
    );


--
-- TOC entry 206 (class 1259 OID 24606)
-- Name: subjects; Type: TABLE; Schema: public; Owner: postgres
--

CREATE TABLE public.subjects (
                                 id integer NOT NULL,
                                 name character varying(80) NOT NULL
);


ALTER TABLE public.subjects OWNER TO postgres;

--
-- TOC entry 207 (class 1259 OID 24611)
-- Name: subjects_id_seq; Type: SEQUENCE; Schema: public; Owner: postgres
--

ALTER TABLE public.subjects ALTER COLUMN id ADD GENERATED BY DEFAULT AS IDENTITY (
    SEQUENCE NAME public.subjects_id_seq
        START WITH 1
        INCREMENT BY 1
        NO MINVALUE
        NO MAXVALUE
        CACHE 1
    );


--
-- TOC entry 2858 (class 0 OID 24592)
-- Dependencies: 202
-- Data for Name: groups; Type: TABLE DATA; Schema: public; Owner: postgres
--

COPY public.groups (id, number) FROM stdin;
0	772301
1	772302
2	772303
10	773602
8	773601
\.


--
-- TOC entry 2860 (class 0 OID 24599)
-- Dependencies: 204
-- Data for Name: lecture_halls; Type: TABLE DATA; Schema: public; Owner: postgres
--

COPY public.lecture_halls (id, number) FROM stdin;
1	101
2	102
4	104
5	103
\.


--
-- TOC entry 2866 (class 0 OID 24628)
-- Dependencies: 210
-- Data for Name: lectures; Type: TABLE DATA; Schema: public; Owner: postgres
--

COPY public.lectures (id, date, group_id, lecture_halls_id, subject_id) FROM stdin;
1	2012-04-23	0	2	2
2	2021-10-30	0	1	2
3	2021-10-30	0	1	2
4	2021-10-30	0	1	3
5	2021-10-30	0	1	4
6	2021-10-31	0	1	4
7	2021-10-31	0	1	5
8	2021-10-31	0	1	6
9	2021-10-31	0	1	2
10	2021-10-30	1	1	2
11	2021-10-30	1	1	5
12	2021-10-30	1	1	5
13	2021-10-30	1	1	3
14	2021-10-31	1	1	3
15	2021-10-31	1	1	3
16	2021-10-31	1	5	2
17	2021-10-31	1	4	6
18	2021-10-30	2	1	4
19	2021-10-30	2	1	2
20	2021-10-30	2	4	6
21	2021-10-30	2	5	5
22	2021-10-31	2	5	5
23	2021-10-31	2	4	2
24	2021-10-31	2	4	6
\.


--
-- TOC entry 2864 (class 0 OID 24613)
-- Dependencies: 208
-- Data for Name: students; Type: TABLE DATA; Schema: public; Owner: postgres
--

COPY public.students (id, name, lastname, group_id) FROM stdin;
2	Никита	Десятник	0
4	Антон	Третьяк	0
5	Павел	Чумак	0
7	Влад	Жанкевич	1
8	Даниил	Грук	2
9	Андрей	Яховский	2
10	Алексей	Лешкевич	2
6	Дмитрий	Шнип	1
11	Илья	Мироновский	0
\.


--
-- TOC entry 2862 (class 0 OID 24606)
-- Dependencies: 206
-- Data for Name: subjects; Type: TABLE DATA; Schema: public; Owner: postgres
--

COPY public.subjects (id, name) FROM stdin;
2	Математика
3	ООП
4	РИС
5	БД
6	Менеджмент
\.


--
-- TOC entry 2873 (class 0 OID 0)
-- Dependencies: 203
-- Name: groups_id_seq; Type: SEQUENCE SET; Schema: public; Owner: postgres
--

SELECT pg_catalog.setval('public.groups_id_seq', 11, true);


--
-- TOC entry 2874 (class 0 OID 0)
-- Dependencies: 205
-- Name: lecture_halls_id_seq; Type: SEQUENCE SET; Schema: public; Owner: postgres
--

SELECT pg_catalog.setval('public.lecture_halls_id_seq', 5, true);


--
-- TOC entry 2875 (class 0 OID 0)
-- Dependencies: 211
-- Name: lectures_id_seq; Type: SEQUENCE SET; Schema: public; Owner: postgres
--

SELECT pg_catalog.setval('public.lectures_id_seq', 25, true);


--
-- TOC entry 2876 (class 0 OID 0)
-- Dependencies: 209
-- Name: students_id_seq; Type: SEQUENCE SET; Schema: public; Owner: postgres
--

SELECT pg_catalog.setval('public.students_id_seq', 11, true);


--
-- TOC entry 2877 (class 0 OID 0)
-- Dependencies: 207
-- Name: subjects_id_seq; Type: SEQUENCE SET; Schema: public; Owner: postgres
--

SELECT pg_catalog.setval('public.subjects_id_seq', 6, true);


--
-- TOC entry 2713 (class 2606 OID 32779)
-- Name: groups groups_number_key; Type: CONSTRAINT; Schema: public; Owner: postgres
--

ALTER TABLE ONLY public.groups
    ADD CONSTRAINT groups_number_key UNIQUE (number);


--
-- TOC entry 2715 (class 2606 OID 24596)
-- Name: groups groups_pkey; Type: CONSTRAINT; Schema: public; Owner: postgres
--

ALTER TABLE ONLY public.groups
    ADD CONSTRAINT groups_pkey PRIMARY KEY (id);


--
-- TOC entry 2717 (class 2606 OID 32781)
-- Name: lecture_halls lecture_halls_number_key; Type: CONSTRAINT; Schema: public; Owner: postgres
--

ALTER TABLE ONLY public.lecture_halls
    ADD CONSTRAINT lecture_halls_number_key UNIQUE (number);


--
-- TOC entry 2719 (class 2606 OID 24603)
-- Name: lecture_halls lecture_halls_pkey; Type: CONSTRAINT; Schema: public; Owner: postgres
--

ALTER TABLE ONLY public.lecture_halls
    ADD CONSTRAINT lecture_halls_pkey PRIMARY KEY (id);


--
-- TOC entry 2727 (class 2606 OID 24632)
-- Name: lectures lectures_pkey; Type: CONSTRAINT; Schema: public; Owner: postgres
--

ALTER TABLE ONLY public.lectures
    ADD CONSTRAINT lectures_pkey PRIMARY KEY (id);


--
-- TOC entry 2725 (class 2606 OID 24620)
-- Name: students students_pkey; Type: CONSTRAINT; Schema: public; Owner: postgres
--

ALTER TABLE ONLY public.students
    ADD CONSTRAINT students_pkey PRIMARY KEY (id);


--
-- TOC entry 2721 (class 2606 OID 32783)
-- Name: subjects subjects_name_key; Type: CONSTRAINT; Schema: public; Owner: postgres
--

ALTER TABLE ONLY public.subjects
    ADD CONSTRAINT subjects_name_key UNIQUE (name);


--
-- TOC entry 2723 (class 2606 OID 24610)
-- Name: subjects subjects_pkey; Type: CONSTRAINT; Schema: public; Owner: postgres
--

ALTER TABLE ONLY public.subjects
    ADD CONSTRAINT subjects_pkey PRIMARY KEY (id);


--
-- TOC entry 2728 (class 2606 OID 24621)
-- Name: students groups_fkey; Type: FK CONSTRAINT; Schema: public; Owner: postgres
--

ALTER TABLE ONLY public.students
    ADD CONSTRAINT groups_fkey FOREIGN KEY (group_id) REFERENCES public.groups(id) NOT VALID;


--
-- TOC entry 2729 (class 2606 OID 24635)
-- Name: lectures groups_fkey; Type: FK CONSTRAINT; Schema: public; Owner: postgres
--

ALTER TABLE ONLY public.lectures
    ADD CONSTRAINT groups_fkey FOREIGN KEY (group_id) REFERENCES public.groups(id) NOT VALID;


--
-- TOC entry 2730 (class 2606 OID 24640)
-- Name: lectures lecture_halls_fkey; Type: FK CONSTRAINT; Schema: public; Owner: postgres
--

ALTER TABLE ONLY public.lectures
    ADD CONSTRAINT lecture_halls_fkey FOREIGN KEY (lecture_halls_id) REFERENCES public.lecture_halls(id) NOT VALID;


--
-- TOC entry 2731 (class 2606 OID 24645)
-- Name: lectures subjects_fkey; Type: FK CONSTRAINT; Schema: public; Owner: postgres
--

ALTER TABLE ONLY public.lectures
    ADD CONSTRAINT subjects_fkey FOREIGN KEY (subject_id) REFERENCES public.subjects(id) NOT VALID;


-- Completed on 2021-10-24 19:49:36

--
-- PostgreSQL database dump complete
--

